,Title,City,Salary,Rating,Company,Hourly,Salary without $ and K,Min_Salary,Max_Salary,Avg_Salary,State,Title Simp,Seniority
0,DATA SCIENTIST-HEALTHCARE,"Dayton, OH",$56K - $96K ,3.6,Premier Health,0, 56  -  96  ,56,96,76.0,OH,data scientist,na
1,Data Scientist,"Washington, DC",$78K - $150K ,3.9,Deloitte,0, 78  -  150  ,78,150,114.0,DC,data scientist,na
2,Data Scientist,"Lorton, VA",$120K ,2.6,QinetiQ Inc.,0, 120  ,120,120,120.0,VA,data scientist,na
3,Data Scientist with TS Clearance,"Arlington, VA",$86K - $154K ,3.9,Deloitte,0, 86  -  154  ,86,154,120.0,VA,data scientist,na
4,Data Scientist Principal,"Hagerstown, MD",$73K - $137K ,4.0,JLG Equipment Services Inc,0, 73  -  137  ,73,137,105.0,MD,data scientist,sr
5,Sr. Data Scientist,"Chicago, IL",$83K - $138K ,3.7,CNA Insurance,0, 83  -  138  ,83,138,110.5,IL,data scientist,sr
6,Machine Learning Engineer,"Cambridge, MA",$78K - $115K ,4.8,MORSE Corp,0, 78  -  115  ,78,115,96.5,MA,ml,na
7,Staff Data Scientist,"Boston, MA",$96K - $170K ,3.6,"Alteryx, Inc.",0, 96  -  170  ,96,170,133.0,MA,data scientist,na
8,Scientist I or II,"Salt Lake City, UT",$67K - $68K ,3.7,"BioFire Diagnostics, LLC.",0, 67  -  68  ,67,68,67.5,UT,na,na
9,Data Scientist,"Atlanta, GA",$67K - $113K ,2.8,IFG Companies,0, 67  -  113  ,67,113,90.0,GA,data scientist,na
10,Senior Scientist,"Alexandria, MN",$68K - $97K ,3.5,LGC Limited,0, 68  -  97  ,68,97,82.5,MN,na,sr
11,Data Scientist with Polygraph,"Rosslyn, VA",$80K - $148K ,3.9,Deloitte,0, 80  -  148  ,80,148,114.0,VA,data scientist,na
12,Data Scientist,"Portland, ME",$65K - $107K ,3.8,Unum,0, 65  -  107  ,65,107,86.0,ME,data scientist,na
13,Research Data Scientist,"Rockville, MD",$77K - $133K ,3.8,Intelligent Automation,0, 77  -  133  ,77,133,105.0,MD,data scientist,na
14,Research Scientist I - Essentia,"Ankeny, IA",$62K - $120K ,2.8,The Lauridsen Group,0, 62  -  120  ,62,120,91.0,IA,na,na
15,Data Engineer,"Boise, ID",$65K - $123K ,3.6,AmerisourceBergen,0, 65  -  123  ,65,123,94.0,ID,data engineer,na
16,Data Scientist,"Laurel, MD",$100K - $160K ,4.7,Johns Hopkins Applied Physics Laboratory (APL),0, 100  -  160  ,100,160,130.0,MD,data scientist,na
17,Lead / Senior Data Scientist,"Austin, TX",$73K - $142K ,3.7,Dealerware,0, 73  -  142  ,73,142,107.5,TX,data scientist,sr
18,Data Engineer,"Ogden, UT",$56K - $111K ,3.8,America First Credit Union,0, 56  -  111  ,56,111,83.5,UT,data engineer,na
19,Principal Scientist,"Branford, CT",$76K - $155K ,3.7,IsoPlexis,0, 76  -  155  ,76,155,115.5,CT,na,sr
20,Scientist,"Louisville, KY",$47K - $96K ,3.4,Louisville Water Company,0, 47  -  96  ,47,96,71.5,KY,na,na
21,Data Scientist,"Fairfax, VA",$61K - $77K ,4.0,"Array Information Technology, Inc.",0, 61  -  77  ,61,77,69.0,VA,data scientist,na
22,Sr. Manager Advanced Analytics (Data Scientist),"Arlington, VA",$85K - $153K ,3.6,Lidl US,0, 85  -  153  ,85,153,119.0,VA,data scientist,sr
23,Data Analyst,"Orlando, FL",$44K - $79K ,4.1,MMM Holdings,0, 44  -  79  ,44,79,61.5,FL,analyst,na
24,"Data Engineer – Fairfax, VA","Fairfax, VA",$73K - $141K ,3.3,Vibrent Health,0, 73  -  141  ,73,141,107.0,VA,data engineer,na
25,Data Scientist,"Columbus, OH",$65K - $114K ,3.4,Safelite Group,0, 65  -  114  ,65,114,89.5,OH,data scientist,na
26,Research Scientist,"Reston, VA",$79K - $201K ,3.4,"Metron, Inc.",0, 79  -  201  ,79,201,140.0,VA,na,na
27,Scientist,"San Diego, CA",$53K - $115K ,2.5,ACON Laboratories,0, 53  -  115  ,53,115,84.0,CA,na,na
28,Data Scientist,Remote,$75K - $120K ,3.8427956989247285,ForMotiv,0, 75  -  120  ,75,120,97.5,Remote,data scientist,na
29,Data Science Intern,Remote,$17 Per Hour,4.7,Noodle,1, 17  ,34,34,34.0,Remote,na,na
30,Sr Data Scientist,"Salt Lake City, UT",$80K - $140K ,3.8,Zions Bancorporation,0, 80  -  140  ,80,140,110.0,UT,data scientist,sr
31,Data Scientist,Remote,$63 - $82 Per Hour,4.4,ids,1, 63 -  82  ,126,164,145.0,Remote,data scientist,na
32,Data Scientist,"San Francisco, CA",$250K - $450K ,4.7,Blue Owl,0, 250  -  450  ,250,450,350.0,CA,data scientist,na
33,Data Scientist/Machine Learning,Remote,$67 - $69 Per Hour,3.8427956989247285,Vezita Tech Inc,1, 67 -  69  ,134,138,136.0,Remote,data scientist,na
34,Data Scientist-Senior,"Washington, DC",$119K - $201K ,3.5,Perspecta,0, 119  -  201  ,119,201,160.0,DC,data scientist,sr
35,Scientist - New Product Development,"Lancaster, PA",$48K - $72K ,3.8,Armstrong World Industries,0, 48  -  72  ,48,72,60.0,PA,na,na
36,Data Scientist Senior Manager,"Gilbert, AZ",$98K - $183K ,3.9,Deloitte,0, 98  -  183  ,98,183,140.5,AZ,data scientist,sr
37,"Research Scientist, Level 2","Catonsville, MD",$79K - $103K ,4.2,ManTech International Corporation,0, 79  -  103  ,79,103,91.0,MD,na,na
38,Senior Data Analyst,"Los Angeles, CA",$82K - $155K ,4.0,PubNub,0, 82  -  155  ,82,155,118.5,CA,analyst,sr
39,Research Scientist - Metabolic Pathways,"Blacksburg, VA",$70K - $124K ,3.8427956989247285,"Landos Biopharma, Inc.",0, 70  -  124  ,70,124,97.0,VA,na,na
40,Data Scientist,"Washington, DC",$92K - $182K ,4.1,Copper River Shared Services,0, 92  -  182  ,92,182,137.0,DC,data scientist,na
41,Financial Data Analyst (South of Milwaukee),"Milwaukee, WI",$65K - $79K ,3.6,Uline,0, 65  -  79  ,65,79,72.0,WI,analyst,na
42,Fleet Coordinator (Data Analyst),"Tampa, FL",$42K - $79K ,3.8,Valet Living,0, 42  -  79  ,42,79,60.5,FL,analyst,na
43,Data Engineer,"Milwaukee, WI",$60K - $114K ,3.8427956989247285,Sift Healthcare,0, 60  -  114  ,60,114,87.0,WI,data engineer,na
44,SCIENTIST - BIOPHARMACEUTICALS,"Middleton, WI",$33K - $63K ,4.0,PPD,0, 33  -  63  ,33,63,48.0,WI,na,na
45,Data Scientist,"Herndon, VA",$79K - $131K ,3.6,"ATCS, P.L.C.",0, 79  -  131  ,79,131,105.0,VA,data scientist,na
46,Customer Success Jr. Data Scientist,"Folsom, CA",$69K - $121K ,3.8427956989247285,"Opeeka, Inc.",0, 69  -  121  ,69,121,95.0,CA,data scientist,jr
47,Artificial Intelligence/Machine Learning Engineer Associate,"McLean, VA",$69K - $143K ,3.8,Mitre Corporation,0, 69  -  143  ,69,143,106.0,VA,ml,na
48,Scientist/Senior Scientist_Immuno-oncology,"Gaithersburg, MD",$60K - $128K ,5.0,"Salubris Biotherapeutics, Inc.",0, 60  -  128  ,60,128,94.0,MD,na,sr
49,Associate Consumer Scientist,"Caryville, TN",$33K - $76K ,4.3,BSH Home Appliances Group,0, 33  -  76  ,33,76,54.5,TN,na,na
50,Financial Data Analyst,"Pleasant Prairie, WI",$65K - $79K ,3.6,Uline,0, 65  -  79  ,65,79,72.0,WI,analyst,na
51,"Data Scientist, Medical Diagnostics","Mountain View, CA",$88K - $150K ,3.5,Specific Diagnostics,0, 88  -  150  ,88,150,119.0,CA,data scientist,na
52,Data Analyst,"Anchorage, AK",$40K - $79K ,3.4,Alaska Heart and Vascular Institute,0, 40  -  79  ,40,79,59.5,AK,analyst,na
53,"Senior Remediation Engineer, Geologist, Scientist","El Dorado, AR",$62K - $117K ,3.4,Clean Harbors,0, 62  -  117  ,62,117,89.5,AR,na,sr
54,Data Scientist Manager,"Arlington, VA",$92K - $180K ,3.9,Deloitte,0, 92  -  180  ,92,180,136.0,VA,data scientist,na
55,Data Scientist - Defense &amp; Intelligence,"Fort Meade, MD",$89K - $133K ,4.3,Elder Research Inc,0, 89  -  133  ,89,133,111.0,MD,data scientist,na
56,Analytical Technologies Scientist I,"San Diego, CA",$83K - $157K ,4.0,Ajinomoto Bio-Pharma Services,0, 83  -  157  ,83,157,120.0,CA,na,na
57,Enterprise Applications &amp; Analytics Manager,"Schaumburg, IL",$75K - $127K ,3.8427956989247285,Fugen Technology Corporation,0, 75  -  127  ,75,127,101.0,IL,manager,na
58,Data Analyst,"Dana Point, CA",$50K - $107K ,3.8427956989247285,Alter Management LLC,0, 50  -  107  ,50,107,78.5,CA,analyst,na
59,Lead Wetland Scientist,"Westborough, MA",$41K - $84K ,3.7,SWCA Environmental Consultants,0, 41  -  84  ,41,84,62.5,MA,na,sr
60,Data Scientist/Machine Learning,Remote,$67 - $69 Per Hour,3.8427956989247285,Vezita Tech Inc,1, 67 -  69  ,134,138,136.0,Remote,data scientist,na
61,Data Scientist,Remote,$75K - $120K ,3.8427956989247285,ForMotiv,0, 75  -  120  ,75,120,97.5,Remote,data scientist,na
62,Data Science Intern,Remote,$17 Per Hour,4.7,Noodle,1, 17  ,34,34,34.0,Remote,na,na
63,Sr Data Scientist,"Salt Lake City, UT",$80K - $140K ,3.8,Zions Bancorporation,0, 80  -  140  ,80,140,110.0,UT,data scientist,sr
64,Data Scientist,Remote,$63 - $82 Per Hour,4.4,ids,1, 63 -  82  ,126,164,145.0,Remote,data scientist,na
65,Senior Data Analyst (contract or full time),Remote,$96 - $108 Per Hour,4.0,Confidential Priviately-Held Company,1, 96 -  108  ,192,216,204.0,Remote,analyst,sr
66,Data Scientist,"San Francisco, CA",$250K - $450K ,4.7,Blue Owl,0, 250  -  450  ,250,450,350.0,CA,data scientist,na
67,Data Scientist,Remote,$75K - $120K ,3.8427956989247285,ForMotiv,0, 75  -  120  ,75,120,97.5,Remote,data scientist,na
68,Senior Data Scientist,Remote,$110K - $140K ,3.8427956989247285,competitive balance analytics,0, 110  -  140  ,110,140,125.0,Remote,data scientist,sr
69,Data Scientist,"San Francisco, CA",$250K - $450K ,4.7,Blue Owl,0, 250  -  450  ,250,450,350.0,CA,data scientist,na
70,Data Scientist,Remote,$80K - $125K ,2.8,JM Talent Inc.,0, 80  -  125  ,80,125,102.5,Remote,data scientist,na
71,Data Scientist - Wearables,Remote,$80K - $190K ,3.8427956989247285,Invisalert Solutions,0, 80  -  190  ,80,190,135.0,Remote,data scientist,na
72,Sr Data Scientist,"Salt Lake City, UT",$80K - $140K ,3.8,Zions Bancorporation,0, 80  -  140  ,80,140,110.0,UT,data scientist,sr
73,Data Scientist,"Greensboro, NC",$36K - $51K ,3.6,LMS,0, 36  -  51  ,36,51,43.5,NC,data scientist,na
74,Data Scientist,"Lehi, UT",$70K - $90K ,4.6,Xyngular,0, 70  -  90  ,70,90,80.0,UT,data scientist,na
75,Data Science Intern,Remote,$17 Per Hour,4.7,Noodle,1, 17  ,34,34,34.0,Remote,na,na
76,Senior Data Engineer,"Reston, VA",$70K - $129K ,4.6,Novetta,0, 70  -  129  ,70,129,99.5,VA,data engineer,sr
77,Data Scientist,"Miami Lakes, FL",$60K - $129K ,3.8427956989247285,FinTrust Search Group,0, 60  -  129  ,60,129,94.5,FL,data scientist,na
78,"Medical Laboratory Scientist, IRL - Night Shift 1 1 1","San Antonio, TX",$40K - $73K ,2.2,BioBridge Global,0, 40  -  73  ,40,73,56.5,TX,na,na
79,Big Data Engineer/Developer,"McLean, VA",$81K - $147K ,4.2,ManTech International Corporation,0, 81  -  147  ,81,147,114.0,VA,data engineer,na
80,Hire and Train Data Scientist/ Engineer,"San Francisco, CA",$83K - $146K ,3.7,Cognizant Technology Solutions,0, 83  -  146  ,83,146,114.5,CA,data scientist,na
81,Data Engineer (Remote Opportunities Available),"Oklahoma City, OK",$54K - $100K ,3.8427956989247285,Bison Technologies,0, 54  -  100  ,54,100,77.0,OK,data engineer,na
82,"Sr. Scientist, Cell Therapy R&amp;D","Telford, PA",$59K - $115K ,2.7,"Secant Group, LLC",0, 59  -  115  ,59,115,87.0,PA,na,sr
83,Supply Chain Data Analyst (South of Milwaukee),"Milwaukee, WI",$46K - $83K ,3.6,Uline,0, 46  -  83  ,46,83,64.5,WI,analyst,na
84,Certifying Scientist - Toxicology,"Reno, NV",$50K - $123K ,4.4,MD Labs,0, 50  -  123  ,50,123,86.5,NV,na,na
85,Battery Management Systems (BMS) Scientist,"Woburn, MA",$66K - $134K ,4.1,SolidEnergy Systems,0, 66  -  134  ,66,134,100.0,MA,na,na
86,Cloud Data Engineer for Autonomous Driving,"Newark, CA",$94K - $130K ,4.1,Lucid Motors,0, 94  -  130  ,94,130,112.0,CA,data engineer,na
87,Senior Data Engineer,"Providence, RI",$91K - $153K ,3.6,VirginPulse,0, 91  -  153  ,91,153,122.0,RI,data engineer,sr
88,"NGS Scientist, Library Prep","Newark, CA",$108K - $197K ,4.2,Stealth Mode Startup,0, 108  -  197  ,108,197,152.5,CA,na,na
89,Investments Intermediate Quantitative Analyst,"Chicago, IL",$56K - $114K ,3.8427956989247285,Allstate Insurance Company,0, 56  -  114  ,56,114,85.0,IL,analyst,na
90,Senior DTC Data Analyst,"Portland, OR",$66K - $132K ,4.0,Columbia Sportswear,0, 66  -  132  ,66,132,99.0,OR,analyst,sr
91,Data Scientist,"Overland Park, KS",$60K - $115K ,3.8427956989247285,Sunlighten (435/Metcalf),0, 60  -  115  ,60,115,87.5,KS,data scientist,na
92,Experienced Data Engineer,"Indianapolis, IN",$77K - $90K ,3.8,Liberty Mutual Insurance,0, 77  -  90  ,77,90,83.5,IN,data engineer,na
93,Performance Improvement Data Analyst,"Chicago, IL",$61K - $71K ,3.3,RML Specialty Hospital,0, 61  -  71  ,61,71,66.0,IL,analyst,na
94,Data Engineer,"Chantilly, VA",$72K - $128K ,3.9,"General Dynamics Mission Systems, Inc",0, 72  -  128  ,72,128,100.0,VA,data engineer,na
95,Research Assistant or Scientist I,"Kansas City, KS",$32K - $46K ,3.3,"Sekisui XenoTech, LLC",0, 32  -  46  ,32,46,39.0,KS,na,na
96,Principal Scientist - Assay Development,"Branford, CT",$61K - $130K ,3.7,IsoPlexis,0, 61  -  130  ,61,130,95.5,CT,na,sr
97,Digital Marketing &amp; Data Analyst,"KenTownshipood, MI",$35K - $75K ,3.0,"Hull Lift Truck, Inc.",0, 35  -  75  ,35,75,55.0,MI,analyst,na
98,Jr. Data Engineer - (Hire and Train),"Tampa, FL",$57K - $107K ,3.7,Cognizant Technology Solutions,0, 57  -  107  ,57,107,82.0,FL,data engineer,jr
99,Data Engineer - MB,"Rosemont, IL",$71K - $89K ,3.5,Martin Brower,0, 71  -  89  ,71,89,80.0,IL,data engineer,na
100,LC/MS Protein Characterization Scientist,"San Diego, CA",$60K - $119K ,3.3,Eurofins,0, 60  -  119  ,60,119,89.5,CA,na,na
101,Analytic Consultant - Federal,"Washington, DC",$60K - $111K ,4.1,ASR ANALYTICS LLC,0, 60  -  111  ,60,111,85.5,DC,na,na
102,Marketing Data Scientist - Texas or Michigan,"Dallas, TX",$102K - $122K ,3.9,Comerica Bank,0, 102  -  122  ,102,122,112.0,TX,data scientist,na
103,Data Engineer,"Chantilly, VA",$81K - $163K ,4.3,Noblis,0, 81  -  163  ,81,163,122.0,VA,data engineer,na
104,Data Scientist,"Alexandria, VA",$83K - $98K ,3.8,"InnovaSystems International, LLC",0, 83  -  98  ,83,98,90.5,VA,data scientist,na
105,Data Scientist,"Milwaukee, WI",$71K - $126K ,3.6,Clarios,0, 71  -  126  ,71,126,98.5,WI,data scientist,na
106,Financial Data Analyst (North of Chicago),"Chicago, IL",$65K - $79K ,3.6,Uline,0, 65  -  79  ,65,79,72.0,IL,analyst,na
107,Principal Scientist / Analytical Chemistry,"Rush, NY",$146K - $172K ,3.8427956989247285,iuvo BioScience,0, 146  -  172  ,146,172,159.0,NY,na,sr
108,Principal Marketing Scientist,"Livonia, MI",$72K - $137K ,3.5,Valassis,0, 72  -  137  ,72,137,104.5,MI,na,sr
109,Sr. Data Engineer,"Ann Arbor, MI",$90K - $170K ,3.6,"Alteryx, Inc.",0, 90  -  170  ,90,170,130.0,MI,data engineer,sr
110,Research Associate/Scientist - Protein Kinase Assays,"Marlborough, MA",$52K - $99K ,4.0,Bevov,0, 52  -  99  ,52,99,75.5,MA,na,na
111,Data Engineer,"Urbandale, IA",$55K - $103K ,4.2,"Brokers International, Ltd.",0, 55  -  103  ,55,103,79.0,IA,data engineer,na
112,SR DATA ARCHITECT-DIGITAL HLTH,"Dayton, OH",$129K - $142K ,3.6,Premier Health,0, 129  -  142  ,129,142,135.5,OH,na,sr
113,Data Engineer,"Baltimore, MD",$66K - $128K ,3.8427956989247285,CreditXpert,0, 66  -  128  ,66,128,97.0,MD,data engineer,na
114,Senior Data Analyst,"Atlanta, GA",$71K - $110K ,3.8,Unum,0, 71  -  110  ,71,110,90.5,GA,analyst,sr
115,Scientist / Biologist - GMP QC,"Exton, PA",$37K - $41K ,3.4,Absorption Systems,0, 37  -  41  ,37,41,39.0,PA,na,na
116,Licensed Clinical Laboratory Scientist,"Atwater, CA",$53K - $106K ,3.8427956989247285,"Castle Family Health Centers, Inc",0, 53  -  106  ,53,106,79.5,CA,na,na
117,Senior Data Engineer,"New Haven, CT",$81K - $137K ,3.4,AVANGRID,0, 81  -  137  ,81,137,109.0,CT,data engineer,sr
118,Senior Data Scientist,"Boulder, CO",$90K - $162K ,5.0,Cloud Agronomics,0, 90  -  162  ,90,162,126.0,CO,data scientist,sr
119,Data Scientist,"Westborough, MA",$65K - $113K ,3.1,Olympus Corporation of the Americas,0, 65  -  113  ,65,113,89.0,MA,data scientist,na
120,Health Care Data Scientist,"Irving, TX",$91K - $149K ,4.2,"Vizient, Inc.",0, 91  -  149  ,91,149,120.0,TX,data scientist,na
121,Data Scientist,"Anderson, MO",$61K - $113K ,3.4,Walmart,0, 61  -  113  ,61,113,87.0,MO,data scientist,na
122,Scientist-II Cellular Engineering,"San Antonio, TX",$40K - $87K ,2.2,BioBridge Global,0, 40  -  87  ,40,87,63.5,TX,na,na
123,Data Analyst,"Philadelphia, PA",$44K - $84K ,3.1,Gift of Life Donor Program,0, 44  -  84  ,44,84,64.0,PA,analyst,na
124,Web and Marketing Data Analyst,"Newport News, VA",$46K - $95K ,3.6,Ferguson,0, 46  -  95  ,46,95,70.5,VA,analyst,na
125,Machine Learning Engineer,"Plano, TX",$68K - $109K ,3.8,Liberty Mutual Insurance,0, 68  -  109  ,68,109,88.5,TX,ml,na
126,Data Scientist II (Remote),"Carlsbad, CA",$70K - $118K ,3.8,Thermo Fisher - America,0, 70  -  118  ,70,118,94.0,CA,data scientist,na
127,Data Scientist,Remote,$75K - $120K ,3.8427956989247285,ForMotiv,0, 75  -  120  ,75,120,97.5,Remote,data scientist,na
128,Data Science Intern,Remote,$17 Per Hour,4.7,Noodle,1, 17  ,34,34,34.0,Remote,na,na
129,Sr Data Scientist,"Salt Lake City, UT",$80K - $140K ,3.8,Zions Bancorporation,0, 80  -  140  ,80,140,110.0,UT,data scientist,sr
130,Data Scientist,Remote,$63 - $82 Per Hour,4.4,ids,1, 63 -  82  ,126,164,145.0,Remote,data scientist,na
131,Data Scientist,"San Francisco, CA",$250K - $450K ,4.7,Blue Owl,0, 250  -  450  ,250,450,350.0,CA,data scientist,na
132,Scientist / Biologist - GMP QC,"Exton, PA",$37K - $41K ,3.4,Absorption Systems,0, 37  -  41  ,37,41,39.0,PA,na,na
133,Licensed Clinical Laboratory Scientist,"Atwater, CA",$53K - $106K ,3.8427956989247285,"Castle Family Health Centers, Inc",0, 53  -  106  ,53,106,79.5,CA,na,na
134,Senior Data Engineer,"New Haven, CT",$81K - $137K ,3.4,AVANGRID,0, 81  -  137  ,81,137,109.0,CT,data engineer,sr
135,"Marking Mix/ Multi-Touch Attribution Analytics Manager, Team Lead","New York, NY",$53K - $103K ,3.4,KANTAR,0, 53  -  103  ,53,103,78.0,NY,manager,sr
136,Data Scientist,"Westborough, MA",$65K - $113K ,3.1,Olympus Corporation of the Americas,0, 65  -  113  ,65,113,89.0,MA,data scientist,na
137,Product Research and Development Scientist,"Granville, OH",$68K - $116K ,3.9,OWENS CORNING,0, 68  -  116  ,68,116,92.0,OH,na,na
138,Data Scientist,"Anderson, MO",$61K - $113K ,3.4,Walmart,0, 61  -  113  ,61,113,87.0,MO,data scientist,na
139,Scientist-II Cellular Engineering,"San Antonio, TX",$40K - $87K ,2.2,BioBridge Global,0, 40  -  87  ,40,87,63.5,TX,na,na
140,Senior Data Engineer (Polygraph Clearance),"Chantilly, VA",$79K - $139K ,4.2,ManTech International Corporation,0, 79  -  139  ,79,139,109.0,VA,data engineer,sr
141,Data Analyst,"Philadelphia, PA",$44K - $84K ,3.1,Gift of Life Donor Program,0, 44  -  84  ,44,84,64.0,PA,analyst,na
142,Machine Learning Engineer,"Plano, TX",$68K - $109K ,3.8,Liberty Mutual Insurance,0, 68  -  109  ,68,109,88.5,TX,ml,na
143,Web and Marketing Data Analyst,"Newport News, VA",$46K - $95K ,3.6,Ferguson,0, 46  -  95  ,46,95,70.5,VA,analyst,na
144,Scientist II or higher,"Kansas City, KS",$48K - $60K ,3.3,"Sekisui XenoTech, LLC",0, 48  -  60  ,48,60,54.0,KS,na,na
145,"Research Scientist - Computer Vision, Machine Learning","Rockville, MD",$67K - $130K ,3.8,Intelligent Automation,0, 67  -  130  ,67,130,98.5,MD,ml,na
146,Analytical Scientist,"Malvern, PA",$48K - $86K ,3.8427956989247285,Flamma USA,0, 48  -  86  ,48,86,67.0,PA,na,na
147,Senior Operations Research Scientist,"Laurel, MD",$96K - $183K ,4.7,Johns Hopkins Applied Physics Laboratory (APL),0, 96  -  183  ,96,183,139.5,MD,na,sr
148,"Sr. Data Engineer – Fairfax, VA","Fairfax, VA",$92K - $159K ,3.3,Vibrent Health,0, 92  -  159  ,92,159,125.5,VA,data engineer,sr
149,Bioanalytical - Institute Associate Scientist II,"Houston, TX",$46K - $74K ,4.3,MD Anderson Cancer Center,0, 46  -  74  ,46,74,60.0,TX,na,na
150,Clinical Laboratory Scientist-International Travelling required,"Diamond Bar, CA",$49K - $107K ,3.8427956989247285,Confidential,0, 49  -  107  ,49,107,78.0,CA,na,na
151,Senior Data Analyst,"Honolulu, HI",$61K - $115K ,2.6,AlohaCare,0, 61  -  115  ,61,115,88.0,HI,analyst,sr
152,Fraud Data Analyst,"Augusta, ME",$35K - $61K ,3.4,Knowledge Services,0, 35  -  61  ,35,61,48.0,ME,analyst,na
153,Data Scientist,"Fort Lauderdale, FL",$73K - $120K ,3.8427956989247285,Webstore Group,0, 73  -  120  ,73,120,96.5,FL,data scientist,na
154,"Clinical Laboratory Scientist, Full Time, Evening Shift","Lodi, CA",$25 - $41 Per Hour,3.6,Adventist Health,1, 25 -  41  ,50,82,66.0,CA,na,na
155,Network Analytics Manager,"Hanover, MD",$68K - $144K ,4.1,Johns Hopkins Health Care,0, 68  -  144  ,68,144,106.0,MD,manager,na
156,Senior / Principal Big Data Engineer,"Austin, TX",$104K - $135K ,3.4,BlackBerry,0, 104  -  135  ,104,135,119.5,TX,data engineer,sr
157,"Scientist IV, Quality Control","Spokane, WA",$54K - $114K ,3.7,Jubilant HollisterStier Spokane,0, 54  -  114  ,54,114,84.0,WA,na,na
158,Senior Data Scientist,"Topeka, KS",$95K - $150K ,4.2,Hill's Pet Nutrition,0, 95  -  150  ,95,150,122.5,KS,data scientist,sr
159,Research Scientist - Radar,"Rockville, MD",$82K - $156K ,3.8,Intelligent Automation,0, 82  -  156  ,82,156,119.0,MD,na,na
160,Environmental Scientist/Technical Writer,"Amarillo, TX",$36K - $79K ,3.2,Talon/LPE,0, 36  -  79  ,36,79,57.5,TX,na,na
161,Data Science Manager,"Wilmington, DE",$65K - $136K ,4.1,"Continental Finance Company, LLC",0, 65  -  136  ,65,136,100.5,DE,manager,na
162,Data Scientist-Journeyman,"Washington, DC",$83K - $135K ,3.5,Perspecta,0, 83  -  135  ,83,135,109.0,DC,data scientist,na
163,Data Scientist,"Trumbull, CT",$82K - $133K ,3.2,HPOne,0, 82  -  133  ,82,133,107.5,CT,data scientist,na
164,"Clinical Laboratory Scientist (CLS), Full Time, Nights","Willits, CA",$54K - $97K ,3.6,Adventist Health,0, 54  -  97  ,54,97,75.5,CA,na,na
165,GBSD Data Scientist,"Roy, UT",$64K - $129K ,3.8427956989247285,Northrop Grumman,0, 64  -  129  ,64,129,96.5,UT,data scientist,na
166,Enterprise Analytics Consultant (Full time employee),"Whippany, NJ",$66K - $122K ,3.6,ConnectiveRx,0, 66  -  122  ,66,122,94.0,NJ,na,na
167,Scientist/ Manager – Process Analytics,"Cambridge, MA",$82K - $161K ,3.1,Evelo Biosciences,0, 82  -  161  ,82,161,121.5,MA,manager,na
168,Senior Research Scientist - Robotic and Autonomous Systems,"Rockville, MD",$77K - $157K ,3.8,Intelligent Automation,0, 77  -  157  ,77,157,117.0,MD,na,sr
169,GBSD Data Scientist,"Roy, UT",$67K - $121K ,4.0,Northrop Grumman,0, 67  -  121  ,67,121,94.0,UT,data scientist,na
170,Data Scientist (Predictive Modeler),"Vienna, VA",$85K - $141K ,4.1,Navy Federal Credit Union,0, 85  -  141  ,85,141,113.0,VA,data scientist,na
171,Business Analyst - Data Science,"Fort Wayne, IN",$48K - $87K ,3.7,MedPro Group,0, 48  -  87  ,48,87,67.5,IN,analyst,na
172,"Clinical Scientist, Genetics Lab Director","Tulsa, OK",$44K - $91K ,3.7,Saint Francis Health System,0, 44  -  91  ,44,91,67.5,OK,director,na
173,Data Scientist,"Durham, NC",$72K - $117K ,4.5,TARGET PHARMASOLUTIONS,0, 72  -  117  ,72,117,94.5,NC,data scientist,na
174,Associate Scientist or Research Associate,"Ashland, MA",$37K - $66K ,3.8427956989247285,MatTek Life Sciences,0, 37  -  66  ,37,66,51.5,MA,na,na
175,Data Analyst,"New York, NY",$75K - $85K ,4.1,Sharecare Inc,0, 75  -  85  ,75,85,80.0,NY,analyst,na
176,Corporate Quality Data Analyst,"Danbury, CT",$45K - $93K ,3.3,"Health Quest Systems, Inc.",0, 45  -  93  ,45,93,69.0,CT,analyst,na
177,"Associate Scientist, Process Development &amp; Manufacturing 1","San Antonio, TX",$33K - $72K ,2.2,BioBridge Global,0, 33  -  72  ,33,72,52.5,TX,na,na
178,Machine Learning Engineer,"Wharton, NJ",$136K - $151K ,3.5,Perspecta,0, 136  -  151  ,136,151,143.5,NJ,ml,na
179,Data Architect,"Laurel, MD",$84K - $160K ,4.7,Johns Hopkins Applied Physics Laboratory (APL),0, 84  -  160  ,84,160,122.0,MD,na,na
180,Machine Learning Engineer,"Wharton, NJ",$136K - $151K ,3.5,Perspecta,0, 136  -  151  ,136,151,143.5,NJ,ml,na
181,"Scientist, Workflow Development Group (MA)","Marlborough, MA",$66K - $132K ,3.8,Akoya Biosciences,0, 66  -  132  ,66,132,99.0,MA,na,na
182,Data Scientist,"Norfolk, VA",$65K - $120K ,3.9,Herdt Consulting Inc,0, 65  -  120  ,65,120,92.5,VA,data scientist,na
183,Data Engineer,"Quincy, MA",$60K - $109K ,3.0,Atlantic Broadband,0, 60  -  109  ,60,109,84.5,MA,data engineer,na
184,Data Engineer,"Chantilly, VA",$90K - $148K ,3.8427956989247285,SIEGE Technologies,0, 90  -  148  ,90,148,119.0,VA,data engineer,na
185,Medical Laboratory Scientist,"Decatur, IL",$19 - $27 Per Hour,3.9,Memorial Health,1, 19 -  27  ,38,54,46.0,IL,na,na
186,Business Data Analyst,"Parsippany, NJ",$53K - $103K ,3.8427956989247285,"Pressler, Felt & Warshaw, LLP.",0, 53  -  103  ,53,103,78.0,NJ,analyst,na
187,Data Scientist,"Fort Lauderdale, FL",$65K - $110K ,5.0,ARC Group,0, 65  -  110  ,65,110,87.5,FL,data scientist,na
188,Data Analyst,"Bethesda, MD",$49K - $89K ,3.8,CACI,0, 49  -  89  ,49,89,69.0,MD,analyst,na
189,"Associate Scientist / Scientist I, Protein Biochemistry","Hayward, CA",$82K - $165K ,3.8427956989247285,"Fornia BioSolutions, Inc.",0, 82  -  165  ,82,165,123.5,CA,na,na
190,Data Engineer Manager - Remote,"Atlanta, GA",$62K - $122K ,4.1,Bellhops,0, 62  -  122  ,62,122,92.0,GA,data engineer,na
191,"Geologist, Hydrogeologist or Environmental Scientist","Anchorage, AK",$37K - $72K ,3.8427956989247285,"Terrasat, Inc.",0, 37  -  72  ,37,72,54.5,AK,na,na
192,"Sr. Scientist, Biopharmaceutical Development - Protein &amp; Gene Therapy","Irvine, CA",$81K - $158K ,1.8,Nitto Avecia Pharma Services,0, 81  -  158  ,81,158,119.5,CA,na,sr
193,Flow Cytometry Scientist,"Doylestown, PA",$44K - $97K ,3.8427956989247285,"FlowMetric Life Sciences, Inc.",0, 44  -  97  ,44,97,70.5,PA,na,na
194,Lead Data Scientist - Search,"Charlotte, NC",$66K - $115K ,4.4,Darwin Recruitment,0, 66  -  115  ,66,115,90.5,NC,data scientist,sr
195,"AVP, ETL Developer/Data Engineer","Livingston, NJ",$136K - $158K ,3.3,CIT Group,0, 136  -  158  ,136,158,147.0,NJ,data engineer,na
196,Healthcare Data Analyst - Quality Outcomes Managment,"Hershey, PA",$53K - $66K ,3.9,Penn State Health Milton S. Hershey Medical Center,0, 53  -  66  ,53,66,59.5,PA,analyst,na
197,"Mid-Level Environmental Scientist / Geologist, Req. 2021005","Schaumburg, IL",$60K - $92K ,3.8427956989247285,Specialty Consulting Inc.,0, 60  -  92  ,60,92,76.0,IL,na,na
198,Senior Data Engineer,"Watertown, MA",$96K - $153K ,4.2,Athenahealth,0, 96  -  153  ,96,153,124.5,MA,data engineer,sr
199,Certifying Scientist (2nd or 3rd Shift),"Greenville, SC",$109K - $132K ,3.8427956989247285,Luxor Scientific,0, 109  -  132  ,109,132,120.5,SC,na,na
200,Clinical Laboratory Scientist (Generalist),"Benicia, CA",$53K - $115K ,3.8427956989247285,1CARE Medical Diagnostics,0, 53  -  115  ,53,115,84.0,CA,na,na
201,Data Engineer,"Arlington, VA",$70K - $129K ,4.9,IntraFi Network,0, 70  -  129  ,70,129,99.5,VA,data engineer,na
202,Scientist / Sr. Scientist - HPLC,"Exton, PA",$52K - $56K ,3.4,Absorption Systems,0, 52  -  56  ,52,56,54.0,PA,na,sr
203,Data Engineer,"South Bend, IN",$119K - $130K ,3.8427956989247285,Aunalytics,0, 119  -  130  ,119,130,124.5,IN,data engineer,na
204,Senior Data Analytics Advisor,"Boron, CA",$97K - $103K ,4.0,Rio Tinto,0, 97  -  103  ,97,103,100.0,CA,na,sr
205,Data Scientist,"New York, NY",$84K - $142K ,3.6,Epsilon,0, 84  -  142  ,84,142,113.0,NY,data scientist,na
206,Computer Scientist Level 2,"Fort Meade, MD",$99K - $127K ,3.8,CACI,0, 99  -  127  ,99,127,113.0,MD,na,na
207,Data Engineer/Scientist TS/SCI w/POLY,"Tysons Corner, VA",$95K - $120K ,3.8427956989247285,AUGR LLC,0, 95  -  120  ,95,120,107.5,VA,data engineer,na
208,Data Engineer,"Arlington, VA",$70K - $129K ,4.9,IntraFi Network,0, 70  -  129  ,70,129,99.5,VA,data engineer,na
209,Clinical Research Scientist,"Watertown, MA",$35K - $67K ,3.3,"Lyra Therapeutics, Inc.",0, 35  -  67  ,35,67,51.0,MA,na,na
210,Data Scientist,"Fort Gordon, GA",$82K - $154K ,3.8427956989247285,"Roccomar, Inc.",0, 82  -  154  ,82,154,118.0,GA,data scientist,na
211,Healthcare Data Analyst (Accountable Care Organization),"Palm Springs, FL",$40K - $59K ,3.8,"Palm Beach Accountable Care Organization, LLC",0, 40  -  59  ,40,59,49.5,FL,analyst,na
212,Scientist - Ocular,"San Diego, CA",$53K - $76K ,3.4,Absorption Systems,0, 53  -  76  ,53,76,64.5,CA,na,na
213,Modeling &amp; Experimental Research Scientist for Materials in Extreme Environments,"Laurel, MD",$61K - $122K ,4.7,Johns Hopkins Applied Physics Laboratory (APL),0, 61  -  122  ,61,122,91.5,MD,na,na
214,QA Data Review Specialist (Pharmaceutical),Bristol,$29K - $77K ,3.8427956989247285,UPM Pharmaceuticals,0, 29  -  77  ,29,77,53.0,na,na,na
215,Senior Data Engineer,"Watertown, MA",$96K - $153K ,4.2,Athenahealth,0, 96  -  153  ,96,153,124.5,MA,data engineer,sr
216,Data Scientist,"Valley View Heights, OH",$70K - $123K ,3.6,Citizens,0, 70  -  123  ,70,123,96.5,OH,data scientist,na
217,Senior Data Consultant,"Austin, TX",$121K - $137K ,3.8427956989247285,Apgar Consulting,0, 121  -  137  ,121,137,129.0,TX,na,sr
218,Data Analyst,"Nashville, TN",$35K - $68K ,3.4,Knowledge Services,0, 35  -  68  ,35,68,51.5,TN,analyst,na
219,Data Engineer,"Camden, NJ",$76K - $133K ,3.3,NFI Industries,0, 76  -  133  ,76,133,104.5,NJ,data engineer,na
220,Clinical Data Analyst,"San Francisco, CA",$60K - $132K ,3.8427956989247285,Confidential,0, 60  -  132  ,60,132,96.0,CA,analyst,na
221,Clinical Laboratory Technologist - Medical Laboratory Scientist 1st Shift,"Buffalo, NY",$43K - $77K ,2.7,"OmniSeq, Inc.",0, 43  -  77  ,43,77,60.0,NY,na,na
222,Data Scientist,"Atlanta, GA",$86K - $144K ,4.0,Cox Communications Inc,0, 86  -  144  ,86,144,115.0,GA,data scientist,na
223,"Scientist, Workflow Development Group (CA)","Menlo Park, CA",$58K - $118K ,3.8,Akoya Biosciences,0, 58  -  118  ,58,118,88.0,CA,na,na
224,Data Scientist - AI Labs,"New York, NY",$113K - $190K ,4.1,BlackRock,0, 113  -  190  ,113,190,151.5,NY,data scientist,na
225,Payer Analytics Manager,"Deerfield, IL",$65K - $136K ,3.9,Lundbeck,0, 65  -  136  ,65,136,100.5,IL,manager,na
226,Research Scientist / Engineer – Wireless Communications &amp; Machine Learning,"Rockville, MD",$82K - $156K ,3.8,Intelligent Automation,0, 82  -  156  ,82,156,119.0,MD,ml,na
227,Data Scientist-Senior,"Washington, DC",$119K - $201K ,3.5,Perspecta,0, 119  -  201  ,119,201,160.0,DC,data scientist,sr
228,"Acoustic Signal Processing Engineer - Data Scientist, Machine Learning","Columbia, MD",$65K - $93K ,3.8427956989247285,Signal Systems Corporation,0, 65  -  93  ,65,93,79.0,MD,data scientist,na
229,Staff Scientist Assay Development,"Austin, TX",$93K - $179K ,3.8,Thermo Fisher - America,0, 93  -  179  ,93,179,136.0,TX,na,na
230,Senior Data Scientist,"Denver, CO",$87K - $153K ,3.8,CACI,0, 87  -  153  ,87,153,120.0,CO,data scientist,sr
231,Data Architect/ Senior/ Principal Data Modeler,"Plano, TX",$61K - $135K ,3.9,"Daman, Inc.",0, 61  -  135  ,61,135,98.0,TX,na,sr
232,Data Analyst,"Phoenix, AZ",$44K - $80K ,3.1,Knight Transportation,0, 44  -  80  ,44,80,62.0,AZ,analyst,na
233,Senior Data Scientist,"Tempe, AZ",$114K - $142K ,2.0,Global Nephrology Solutions,0, 114  -  142  ,114,142,128.0,AZ,data scientist,sr
234,"Sr. Scientist, Bioreactor Process Design","Redmond, WA",$68K - $129K ,4.8,Just - Evotec Biologics,0, 68  -  129  ,68,129,98.5,WA,na,sr
235,Machine Learning Scientist,"Egg Harbor Township, NJ",$84K - $148K ,3.8,Battelle,0, 84  -  148  ,84,148,116.0,NJ,ml,na
236,Data Scientist,"Cincinnati, OH",$73K - $117K ,3.8,Fifth Third Bank,0, 73  -  117  ,73,117,95.0,OH,data scientist,na
237,Geospatial Researcher/Data Scientist,"Alexandria, VA",$72K - $124K ,3.8,Battelle,0, 72  -  124  ,72,124,98.0,VA,data scientist,na
238,Data Engineer,"Oklahoma City, OK",$52K - $106K ,3.4,First Fidelity Bank,0, 52  -  106  ,52,106,79.0,OK,data engineer,na
239,Azure Data Engineer,"Los Angeles, CA",$81K - $139K ,4.1,Avanade,0, 81  -  139  ,81,139,110.0,CA,data engineer,na
240,eCommerce/Marketing Data Analyst,"Arlington Heights, IL",$52K - $96K ,3.4,Hopkins Manufacturing Corporation,0, 52  -  96  ,52,96,74.0,IL,analyst,na
241,Data Analyst,"Bloomington, IN",$44K - $84K ,3.6,National Salvage & Service Corporation,0, 44  -  84  ,44,84,64.0,IN,analyst,na
242,Data Engineer,"Orlando, FL",$66K - $91K ,3.8427956989247285,Lakeland Regional Health,0, 66  -  91  ,66,91,78.5,FL,data engineer,na
243,"Senior Staff Scientist, NGS DNA Amplification","Newark, CA",$152K - $180K ,4.2,Stealth Mode Startup,0, 152  -  180  ,152,180,166.0,CA,na,sr
244,Senior Data Scientist - Defense &amp; Intelligence,"Fort Meade, MD",$84K - $108K ,4.3,Elder Research Inc,0, 84  -  108  ,84,108,96.0,MD,data scientist,sr
245,Data Analyst - Anthem BHI,"Sacramento, CA",$28K - $52K ,2.7,WellSpace Health,0, 28  -  52  ,28,52,40.0,CA,analyst,na
246,Data Science Manager,"New York, NY",$87K - $182K ,3.4,Biz2Credit Inc.,0, 87  -  182  ,87,182,134.5,NY,manager,na
247,Quality Data Analyst Coordinator,"Fort Washakie, WY",$31K - $70K ,3.8427956989247285,Connections Healthcare Staffing,0, 31  -  70  ,31,70,50.5,WY,analyst,na
248,Sr. Business Intelligence Analyst,"Bellevue, WA",$54K - $112K ,3.9,Inviso Corporation,0, 54  -  112  ,54,112,83.0,WA,analyst,sr
249,"Senior Deep Learning Scientist, Mapping &amp; Localization - Autonomous Vehicles","Redmond, WA",$123K - $201K ,4.8,NVIDIA,0, 123  -  201  ,123,201,162.0,WA,na,sr
250,"Associate Scientist, Reagents (Menlo Park, CA)","Menlo Park, CA",$103K - $121K ,3.8,Akoya Biosciences,0, 103  -  121  ,103,121,112.0,CA,na,na
251,Staff Data Engineer (Oracle ERP/HCM),"Tempe, AZ",$62K - $115K ,3.5,Freedom Financial Network,0, 62  -  115  ,62,115,88.5,AZ,data engineer,na
252,"Senior Deep Learning Scientist, Mapping &amp; Localization - Autonomous Vehicles","Redmond, WA",$123K - $201K ,4.8,NVIDIA,0, 123  -  201  ,123,201,162.0,WA,na,sr
253,"Associate Scientist, Reagents (Menlo Park, CA)","Menlo Park, CA",$103K - $121K ,3.8,Akoya Biosciences,0, 103  -  121  ,103,121,112.0,CA,na,na
254,Staff Data Engineer (Oracle ERP/HCM),"Tempe, AZ",$62K - $115K ,3.5,Freedom Financial Network,0, 62  -  115  ,62,115,88.5,AZ,data engineer,na
255,Principal Scientist – Battery Cell Development,"Chico, CA",$88K - $176K ,3.8427956989247285,"Nanotech Energy, Inc.",0, 88  -  176  ,88,176,132.0,CA,na,sr
256,Data Modeler,"Dover, NH",$66K - $127K ,3.8,Liberty Mutual Insurance,0, 66  -  127  ,66,127,96.5,NH,na,na
257,Computer Scientist Level 3,"Fort Meade, MD",$68K - $114K ,3.8,CACI,0, 68  -  114  ,68,114,91.0,MD,na,na
258,Senior Data Scientist,"Chicago, IL",$90K - $160K ,4.1,BrainWorks,0, 90  -  160  ,90,160,125.0,IL,data scientist,sr
259,Senior Actuarial Data Scientist,"Newport Beach, CA",$91K - $110K ,3.7,Pacific Life,0, 91  -  110  ,91,110,100.5,CA,data scientist,sr
260,Senior Environmental Scientist and Toxicologist,"Charlottesville, VA",$73K - $92K ,3.8427956989247285,MBDC,0, 73  -  92  ,73,92,82.5,VA,na,sr
261,Oracle PL/SQL Data Engineer (REMOTE),"Stamford, CT",$100K - $140K ,3.8,CareCentrix,0, 100  -  140  ,100,140,120.0,CT,data engineer,na
262,Quality Improvement Data Analyst - Nutrition,"Boston, MA",$49K - $97K ,4.1,Boston Children's Hospital,0, 49  -  97  ,49,97,73.0,MA,analyst,na
263,Operations Metrics - Data Analyst,"Indianapolis, IN",$48K - $104K ,3.4,Knowledge Services,0, 48  -  104  ,48,104,76.0,IN,analyst,na
264,"Senior Scientist, Formulations","Bothell, WA",$69K - $131K ,3.9,Lundbeck,0, 69  -  131  ,69,131,100.0,WA,na,sr
265,Data Scientist II,"Louisville, CO",$74K - $132K ,3.8,Sierra Nevada Corporation,0, 74  -  132  ,74,132,103.0,CO,data scientist,na
266,Clinical Lab Scientist,"San Diego, CA",$50K - $92K ,1.7,DermTech,0, 50  -  92  ,50,92,71.0,CA,na,na
267,Data Scientist,"North Miami, FL",$66K - $107K ,3.8427956989247285,TalentoHCM,0, 66  -  107  ,66,107,86.5,FL,data scientist,na
268,"Principal Scientist, High Throughput Analytical","Redmond, WA",$95K - $192K ,4.8,Just - Evotec Biologics,0, 95  -  192  ,95,192,143.5,WA,na,sr
269,Medical Lab Scientist (MLS) Mercy Health St. Elizabeth Youngstown,"Youngstown, OH",$17 - $24 Per Hour,3.6,Mercy Health,1, 17 -  24  ,34,48,41.0,OH,na,na
270,Signal and Information Processing Research Scientist,"Reston, VA",$64K - $135K ,3.4,"Metron, Inc.",0, 64  -  135  ,64,135,99.5,VA,na,na
271,Sr. Data Analyst Manager,"Irvine, CA",$73K - $152K ,3.6,"CPT Group, Inc.",0, 73  -  152  ,73,152,112.5,CA,analyst,sr
272,Sr Data Engineer- W2 only- 10+ years experience,"San Jose, CA",$108K - $177K ,3.8427956989247285,iCloudNexus,0, 108  -  177  ,108,177,142.5,CA,data engineer,sr
273,Analytics Consultant - Clinical Operations – 1212 Deming Way,"Madison, WI",$64K - $118K ,3.9,UW Health,0, 64  -  118  ,64,118,91.0,WI,na,na
274,Senior Data Scientist,"Washington, DC",$98K - $176K ,3.8427956989247285,"TechSource, Inc.",0, 98  -  176  ,98,176,137.0,DC,data scientist,sr
275,GBSD Principal Data Scientist,"Roy, UT",$77K - $146K ,4.0,Northrop Grumman,0, 77  -  146  ,77,146,111.5,UT,data scientist,sr
276,Data Scientist - 516078,"Rancho Cucamonga, CA",$62K - $128K ,3.8427956989247285,Revel IT,0, 62  -  128  ,62,128,95.0,CA,data scientist,na
277,Quality Data Analyst,"Liverpool, NY",$41K - $77K ,3.5,Lifeplan,0, 41  -  77  ,41,77,59.0,NY,analyst,na
278,Senior Data Engineer,"Portsmouth, NH",$97K - $175K ,3.8427956989247285,Market Street Talent,0, 97  -  175  ,97,175,136.0,NH,data engineer,sr
279,ERP Data Analyst,"Fort Mill, SC",$39K - $68K ,3.8427956989247285,Wikoff Color Corp,0, 39  -  68  ,39,68,53.5,SC,analyst,na
280,Business Data Analyst - Operations,"Indianapolis, IN",$46K - $96K ,3.4,Knowledge Services,0, 46  -  96  ,46,96,71.0,IN,analyst,na
281,Business Intelligence Analyst- Florida Applicant Only,"Boca Raton, FL",$46K - $92K ,3.4,TouchSuite,0, 46  -  92  ,46,92,69.0,FL,analyst,na
282,Customer Service Data Analyst - Albuquerque or Remote Work Option,"Albuquerque, NM",$45K - $81K ,3.2,PNM Resources,0, 45  -  81  ,45,81,63.0,NM,analyst,na
283,R&amp;D Analytical Manager,"Chattanooga, TN",$114K ,3.8427956989247285,ProStaff Solutions Inc,0, 114  ,114,114,114.0,TN,manager,na
284,"VP of Data, MMM","Columbia, MD",$96K - $207K ,3.8427956989247285,Corporate Brokers,0, 96  -  207  ,96,207,151.5,MD,na,na
285,DDM – Data Scientist,"New York, NY",$77K - $152K ,3.4,Biz2Credit Inc,0, 77  -  152  ,77,152,114.5,NY,data scientist,na
286,GBSD Principal Data Scientist,"Roy, UT",$77K - $146K ,4.0,Northrop Grumman,0, 77  -  146  ,77,146,111.5,UT,data scientist,sr
287,Biomedical Data Scientist,"Frederick, MD",$81K - $134K ,3.9,Leidos,0, 81  -  134  ,81,134,107.5,MD,data scientist,na
288,Senior Data Scientist,"Bethesda, MD",$93K - $168K ,3.9,Leidos,0, 93  -  168  ,93,168,130.5,MD,data scientist,sr
289,SAS Data Engineer,"Arlington, VA",$74K - $143K ,3.6,CareJourney,0, 74  -  143  ,74,143,108.5,VA,data engineer,na
290,Application Scientist/Lab manager - Diabetes Research,"Chicago, IL",$52K - $107K ,3.8427956989247285,O2M Technologies,0, 52  -  107  ,52,107,79.5,IL,manager,na
291,Mortgage Records Data Analyst,"Fort Washington, PA",$30K - $55K ,3.6,NewRez,0, 30  -  55  ,30,55,42.5,PA,analyst,na
292,Sr. Health Policy Data Analyst,"Nashville, TN",$60K - $108K ,3.8,Vanderbilt University Medical Center,0, 60  -  108  ,60,108,84.0,TN,analyst,sr
293,"Principal Scientist 2, In Vitro","Worcester, MA",$72K - $146K ,3.4,Charles River Laboratories,0, 72  -  146  ,72,146,109.0,MA,na,sr
294,Big Data Engineer,"Chantilly, VA",$78K - $163K ,4.0,Peraton,0, 78  -  163  ,78,163,120.5,VA,data engineer,na
295,"Senior Clinical Scientist/Director, Clinical Science","Hampton, NJ",$53 - $90 Per Hour,3.7,"Celldex Therapeutics, Inc.",1, 53 -  90  ,106,180,143.0,NJ,director,sr
296,Medical Lab Technician/Medical Laboratory Scientist (MLS/MT) - New Vision Lab Mercy Health - Full Time,"Lima, OH",$41K - $76K ,3.6,Mercy Health,0, 41  -  76  ,41,76,58.5,OH,na,na
297,Data Science Intern,Remote,$17 Per Hour,4.7,Noodle,1, 17  ,34,34,34.0,Remote,na,na
298,Data Scientist,Remote,$75K - $120K ,3.8427956989247285,ForMotiv,0, 75  -  120  ,75,120,97.5,Remote,data scientist,na
299,Data Scientist,"San Francisco, CA",$250K - $450K ,4.7,Blue Owl,0, 250  -  450  ,250,450,350.0,CA,data scientist,na
300,Sr. Data Scientist,Remote,$150K - $165K ,4.0,Innovar Group,0, 150  -  165  ,150,165,157.5,Remote,data scientist,sr
301,Data Scientist,Remote,$63 - $82 Per Hour,4.4,ids,1, 63 -  82  ,126,164,145.0,Remote,data scientist,na
302,Data Scientist,"College Park, MD",$61K - $103K ,4.3,University of Maryland,0, 61  -  103  ,61,103,82.0,MD,data scientist,na
303,Big Data Engineer .Net,"Washington, DC",$75K - $143K ,3.8427956989247285,"Nard, LLC",0, 75  -  143  ,75,143,109.0,DC,data engineer,na
304,Fixed Income Data/Quantitative Analyst,"Milwaukee, WI",$47K - $99K ,4.0,Northwestern Mutual,0, 47  -  99  ,47,99,73.0,WI,analyst,na
305,Data Scientist,"Boston, MA",$81K - $132K ,3.5,Wayfair,0, 81  -  132  ,81,132,106.5,MA,data scientist,na
306,System Engineer/Data Modeler,"Fort Meade, MD",$74K - $150K ,3.8427956989247285,Strategic Analytix,0, 74  -  150  ,74,150,112.0,MD,na,na
307,Computer Scientist II,"Tucson, AZ",$81K - $125K ,3.9,"Modular Mining Systems, Inc.",0, 81  -  125  ,81,125,103.0,AZ,na,na
308,Lead Clinical Laboratory Scientist,"Newport Beach, CA",$56K - $100K ,2.1,"HRC Fertility Management, LLC",0, 56  -  100  ,56,100,78.0,CA,na,sr
309,Data Modeler and Developer in GCP,"Denver, CO",$48K - $88K ,3.0,Transamerica,0, 48  -  88  ,48,88,68.0,CO,na,na
310,Data Scientist,"San Francisco, CA",$96K - $162K ,3.9,Clarify Health Solutions.,0, 96  -  162  ,96,162,129.0,CA,data scientist,na
311,Data Scientist,"Herndon, VA",$101K - $165K ,4.6,Novetta,0, 101  -  165  ,101,165,133.0,VA,data scientist,na
312,Data Scientist,"Menlo Park, CA",$104K - $180K ,3.7,Humanyze,0, 104  -  180  ,104,180,142.0,CA,data scientist,na
313,Data Scientist,"Honolulu, HI",$80K - $143K ,3.1,Central Pacific Bank,0, 80  -  143  ,80,143,111.5,HI,data scientist,na
314,Data Scientist,"Cambridge, MA",$73K - $134K ,4.0,Sanofi,0, 73  -  134  ,73,134,103.5,MA,data scientist,na
315,Data Analyst-HEDIS &amp; Star,"Long Beach, CA",$49K - $91K ,4.1,SCAN Group,0, 49  -  91  ,49,91,70.0,CA,analyst,na
316,Data Scientist,"San Jose, CA",$135K - $174K ,3.6,McAfee,0, 135  -  174  ,135,174,154.5,CA,data scientist,na
317,Marketing Data Analyst,"New Rochelle, NY",$47K - $95K ,3.0,Benchmark Education Company,0, 47  -  95  ,47,95,71.0,NY,analyst,na
318,Data Scientist,"McLean, VA",$91K - $146K ,4.1,Thomson Reuters,0, 91  -  146  ,91,146,118.5,VA,data scientist,na
319,Scientist (Primary Cell / Product),"San Diego, CA",$70K - $103K ,3.8427956989247285,iXCells Biotechnologies,0, 70  -  103  ,70,103,86.5,CA,na,na
320,"Senior Scientist, Exploratory Group, Research and Development","Menlo Park, CA",$92K - $145K ,3.8,Akoya Biosciences,0, 92  -  145  ,92,145,118.5,CA,na,sr
321,"Business Intelligence Analyst - Richmond, VA","Richmond, VA",$47K - $86K ,3.5,Lansing Building Products,0, 47  -  86  ,47,86,66.5,VA,analyst,na
322,Data Modeler (Data Vault),"Boston, MA",$66K - $127K ,3.8,Liberty Mutual Insurance,0, 66  -  127  ,66,127,96.5,MA,na,na
323,Data Scientist,"Pittsburgh, PA",$74K - $118K ,3.7,PNC Financial Services Group,0, 74  -  118  ,74,118,96.0,PA,data scientist,na
324,RN-Nurse Scientist,"Saint Louis, MO",$53K - $84K ,3.6,SSM Health,0, 53  -  84  ,53,84,68.5,MO,na,na
325,Principal Data Scientist / Senior Principal Data Scientist,"Salt Lake City, UT",$91K - $183K ,4.0,Northrop Grumman,0, 91  -  183  ,91,183,137.0,UT,data scientist,sr
326,Data Scientist,"Kansas City, MO",$66K - $108K ,4.1,Commerce Bank,0, 66  -  108  ,66,108,87.0,MO,data scientist,na
327,Data Scientist,"Chicago, IL",$85K - $145K ,2.6,Care Advisors Inc,0, 85  -  145  ,85,145,115.0,IL,data scientist,na
328,Research Scientist - Software Defined Radio,"College Park, MD",$55K - $74K ,3.5,Perspecta,0, 55  -  74  ,55,74,64.5,MD,na,na
329,"Data Engineer, Medical Diagnostics","Mountain View, CA",$72K - $133K ,3.5,Specific Diagnostics,0, 72  -  133  ,72,133,102.5,CA,data engineer,na
330,"Principal Scientist / Director, Immunology","Boston, MA",$102K - $202K ,5.0,HotSpot Therapeutics,0, 102  -  202  ,102,202,152.0,MA,director,sr
331,Data Scientist,"Plainsboro, NJ",$72K - $125K ,3.8427956989247285,Penfield Search Partners,0, 72  -  125  ,72,125,98.5,NJ,data scientist,na
332,Data Scientist,"San Mateo, CA",$94K - $162K ,4.6,SetSail,0, 94  -  162  ,94,162,128.0,CA,data scientist,na
333,Advanced Healthcare Data Analyst,"Corpus Christi, TX",$36K - $74K ,4.1,Driscoll Children's Hospital,0, 36  -  74  ,36,74,55.0,TX,analyst,na
334,Data Scientist (TS/SCI poly),"Chantilly, VA",$80K - $141K ,4.0,Northrop Grumman,0, 80  -  141  ,80,141,110.5,VA,data scientist,na
335,Data Scientist,"Arlington, VA",$98K - $152K ,4.0,Visa,0, 98  -  152  ,98,152,125.0,VA,data scientist,na
336,Data Scientist,"Austin, TX",$108K - $123K ,4.7,Literati,0, 108  -  123  ,108,123,115.5,TX,data scientist,na
337,Data Scientist,"Boston, MA",$76K - $135K ,3.9,McGraw Hill,0, 76  -  135  ,76,135,105.5,MA,data scientist,na
338,"Lead, Data Scientist","New York, NY",$117K - $197K ,3.4,Macy’s,0, 117  -  197  ,117,197,157.0,NY,data scientist,sr
339,Data Scientist,"Omaha, NE",$71K - $112K ,4.3,Buildertrend,0, 71  -  112  ,71,112,91.5,NE,data scientist,na
340,Data Science Support Analyst (Senior),"McLean, VA",$95K - $162K ,3.9,BAE Systems,0, 95  -  162  ,95,162,128.5,VA,analyst,sr
341,Quantitative Researcher,"San Francisco, CA",$115K - $163K ,3.8427956989247285,VertiSystem Inc,0, 115  -  163  ,115,163,139.0,CA,na,na
342,Sr. Data Analyst,"Dublin, CA",$92K - $186K ,4.0,Patelco Credit Union,0, 92  -  186  ,92,186,139.0,CA,analyst,sr
343,"Data Analyst - Portsmouth, Corporate Headquarters","Portsmouth, NH",$49K - $91K ,3.5,Service Credit Union,0, 49  -  91  ,49,91,70.0,NH,analyst,na
344,Data Scientist,"Los Angeles, CA",$62K - $126K ,4.6,Tatari,0, 62  -  126  ,62,126,94.0,CA,data scientist,na
345,IT Data Analyst,"Greenville, SC",$52K - $102K ,4.5,Southern Management Corporation,0, 52  -  102  ,52,102,77.0,SC,analyst,na
346,Data Modeler,"Chantilly, VA",$69K - $156K ,3.5,Perspecta,0, 69  -  156  ,69,156,112.5,VA,na,na
347,Software Engineer and Scientist,"Half Moon Bay, CA",$100K - $174K ,3.8427956989247285,"GenNext Technologies, Inc.",0, 100  -  174  ,100,174,137.0,CA,na,na
348,Data Scientist,"Culver City, CA",$80K - $145K ,4.6,Kernel,0, 80  -  145  ,80,145,112.5,CA,data scientist,na
349,Data Scientist,"San Diego, CA",$123K - $170K ,4.1,Experian,0, 123  -  170  ,123,170,146.5,CA,data scientist,na
350,Data Scientist,"Cincinnati, OH",$74K - $121K ,3.9,Western & Southern Financial Group,0, 74  -  121  ,74,121,97.5,OH,data scientist,na
351,Data Scientist,"College Park, MD",$61K - $103K ,4.3,University of Maryland,0, 61  -  103  ,61,103,82.0,MD,data scientist,na
352,Actuary - Data Science &amp; Advanced Analytics,"Aliso Viejo, CA",$89K - $156K ,3.7,Pacific Life,0, 89  -  156  ,89,156,122.5,CA,na,na
353,Fixed Income Data/Quantitative Analyst,"Milwaukee, WI",$47K - $99K ,4.0,Northwestern Mutual,0, 47  -  99  ,47,99,73.0,WI,analyst,na
354,Data Scientist,"Washington, DC",$65K - $111K ,3.8,Analytica,0, 65  -  111  ,65,111,88.0,DC,data scientist,na
355,Data Scientist,"Los Altos, CA",$117K - $162K ,3.8427956989247285,"Alto Neuroscience, Inc.",0, 117  -  162  ,117,162,139.5,CA,data scientist,na
356,Data Scientist,"Baltimore, MD",$70K - $103K ,4.3,Emocha Mobile Health Inc,0, 70  -  103  ,70,103,86.5,MD,data scientist,na
357,Data Scientist,"Chicago, IL",$70K - $118K ,4.6,Eleks,0, 70  -  118  ,70,118,94.0,IL,data scientist,na
358,Big Data Engineer .Net,"Washington, DC",$75K - $143K ,3.8427956989247285,"Nard, LLC",0, 75  -  143  ,75,143,109.0,DC,data engineer,na
359,Data Scientist,"San Francisco, CA",$111K - $185K ,4.2,Tubi,0, 111  -  185  ,111,185,148.0,CA,data scientist,na
360,Data Scientist,"Minneapolis, MN",$72K - $131K ,4.3,FOODSBY,0, 72  -  131  ,72,131,101.5,MN,data scientist,na
361,Data Scientist,"Nashville, TN",$66K - $116K ,3.3,SmileDirectClub,0, 66  -  116  ,66,116,91.0,TN,data scientist,na
362,Data Scientist,"Boulder, CO",$91K - $138K ,4.1,Honey,0, 91  -  138  ,91,138,114.5,CO,data scientist,na
363,Data Scientist,"Austin, TX",$135K - $151K ,4.3,Cloudflare,0, 135  -  151  ,135,151,143.0,TX,data scientist,na
364,Data Scientist - Machine Learning/Cortex Data Science,"Boston, MA",$103K - $173K ,4.2,Twitter,0, 103  -  173  ,103,173,138.0,MA,data scientist,na
365,Data Scientist,"Herndon, VA",$62K - $105K ,4.1,LOCKHEED MARTIN CORPORATION,0, 62  -  105  ,62,105,83.5,VA,data scientist,na
366,Data Scientist,"New York, NY",$130K - $167K ,4.0,Disney Streaming Services,0, 130  -  167  ,130,167,148.5,NY,data scientist,na
367,Data Scientist,"Boston, MA",$81K - $132K ,3.5,Wayfair,0, 81  -  132  ,81,132,106.5,MA,data scientist,na
368,"Data Scientist, Data &amp; Visualization (Contract)","Los Gatos, CA",$97K - $156K ,3.5,STAR Labs,0, 97  -  156  ,97,156,126.5,CA,data scientist,na
369,Data Scientist,"Cambridge, MA",$70K - $123K ,4.3,Panjiva,0, 70  -  123  ,70,123,96.5,MA,data scientist,na
370,Market Research Data Analyst,"Framingham, MA",$43K - $79K ,3.6,Phoenix Marketing International,0, 43  -  79  ,43,79,61.0,MA,analyst,na
371,Data Scientist,"San Diego, CA",$82K - $124K ,4.3,Knowesis Inc.,0, 82  -  124  ,82,124,103.0,CA,data scientist,na
372,Data Scientist,Remote,$75K - $120K ,3.8427956989247285,ForMotiv,0, 75  -  120  ,75,120,97.5,Remote,data scientist,na
373,Data Scientist,"San Francisco, CA",$250K - $450K ,4.7,Blue Owl,0, 250  -  450  ,250,450,350.0,CA,data scientist,na
374,Senior Data Scientist,Remote,$110K - $140K ,3.8427956989247285,competitive balance analytics,0, 110  -  140  ,110,140,125.0,Remote,data scientist,sr
375,Data Scientist,Remote,$80K - $125K ,2.8,JM Talent Inc.,0, 80  -  125  ,80,125,102.5,Remote,data scientist,na
376,Data Scientist - Wearables,Remote,$80K - $190K ,3.8427956989247285,Invisalert Solutions,0, 80  -  190  ,80,190,135.0,Remote,data scientist,na
377,Sr Data Scientist,"Salt Lake City, UT",$80K - $140K ,3.8,Zions Bancorporation,0, 80  -  140  ,80,140,110.0,UT,data scientist,sr
378,Data Scientist,"Lehi, UT",$70K - $90K ,4.6,Xyngular,0, 70  -  90  ,70,90,80.0,UT,data scientist,na
379,Data Science Intern,Remote,$17 Per Hour,4.7,Noodle,1, 17  ,34,34,34.0,Remote,na,na
380,Data Scientist,Remote,$75K - $120K ,3.8427956989247285,ForMotiv,0, 75  -  120  ,75,120,97.5,Remote,data scientist,na
381,Data Science Intern,Remote,$17 Per Hour,4.7,Noodle,1, 17  ,34,34,34.0,Remote,na,na
382,Data Scientist,"San Francisco, CA",$250K - $450K ,4.7,Blue Owl,0, 250  -  450  ,250,450,350.0,CA,data scientist,na
383,Sr Data Scientist,"Salt Lake City, UT",$80K - $140K ,3.8,Zions Bancorporation,0, 80  -  140  ,80,140,110.0,UT,data scientist,sr
384,Data Scientist,Remote,$63 - $82 Per Hour,4.4,ids,1, 63 -  82  ,126,164,145.0,Remote,data scientist,na
385,Data Scientist,"New York, NY",$107K - $176K ,4.4,Tapad,0, 107  -  176  ,107,176,141.5,NY,data scientist,na
386,Senior Data Engineer,"Chicago, IL",$82K - $143K ,3.8427956989247285,"Amount, Inc",0, 82  -  143  ,82,143,112.5,IL,data engineer,sr
387,Data Scientist,"New York, NY",$67K - $113K ,3.5,Cardlytics,0, 67  -  113  ,67,113,90.0,NY,data scientist,na
388,Data Scientist,"Herndon, VA",$73K - $112K ,3.1,"Stride, Inc.",0, 73  -  112  ,73,112,92.5,VA,data scientist,na
389,Data Scientist,"Ontario, CA",$99K - $122K ,4.3,Genentech,0, 99  -  122  ,99,122,110.5,CA,data scientist,na
390,Data Scientist,"San Diego, CA",$73K - $118K ,3.5,sensemetrics,0, 73  -  118  ,73,118,95.5,CA,data scientist,na
391,Data Scientist,"Newark, NJ",$106K - $111K ,3.8,Prudential,0, 106  -  111  ,106,111,108.5,NJ,data scientist,na
392,Data Scientist,"Glendale, CA",$73K - $127K ,3.8427956989247285,Posh Peanut Inc.,0, 73  -  127  ,73,127,100.0,CA,data scientist,na
393,Data Scientist,"Framingham, MA",$75K - $131K ,3.3,Staples,0, 75  -  131  ,75,131,103.0,MA,data scientist,na
394,Data Scientist,"Boston, MA",$64K - $111K ,4.6,OM1,0, 64  -  111  ,64,111,87.5,MA,data scientist,na
395,Data Scientist,"Atlanta, GA",$74K - $121K ,3.9,Michelin Inc,0, 74  -  121  ,74,121,97.5,GA,data scientist,na
396,Data Scientist,"San Diego, CA",$78K - $125K ,4.8,Power Digital Marketing,0, 78  -  125  ,78,125,101.5,CA,data scientist,na
397,Data Scientist,"San Francisco, CA",$81K - $108K ,4.0,Surya Systems,0, 81  -  108  ,81,108,94.5,CA,data scientist,na
398,Data Scientist,"Hanover, MD",$61K - $111K ,5.0,cloudteam,0, 61  -  111  ,61,111,86.0,MD,data scientist,na
399,Data Scientist,"New York, NY",$85K - $152K ,3.9,Komodo Health,0, 85  -  152  ,85,152,118.5,NY,data scientist,na
400,Data Scientist,"Redwood City, CA",$95K - $176K ,4.0,Paradigm Diagnostics,0, 95  -  176  ,95,176,135.5,CA,data scientist,na
401,Sr. Data Scientist,"Frisco, TX",$113K - $144K ,3.8427956989247285,Oportun Inc,0, 113  -  144  ,113,144,128.5,TX,data scientist,sr
402,Research Fellow - Data Science,"Rochester, MN",$48K - $91K ,4.2,Mayo Clinic,0, 48  -  91  ,48,91,69.5,MN,na,na
403,Data Scientist,"San Francisco, CA",$130K - $150K ,4.7,Angaza,0, 130  -  150  ,130,150,140.0,CA,data scientist,na
404,Data Scientist,"Germantown, MD",$70K - $128K ,3.6,DataLab USA,0, 70  -  128  ,70,128,99.0,MD,data scientist,na
405,Data Scientist,"Dallas, TX",$67K - $119K ,3.8,Havas,0, 67  -  119  ,67,119,93.0,TX,data scientist,na
406,"Data Scientist, Product Analytics","Washington, DC",$97K - $155K ,4.3,Facebook,0, 97  -  155  ,97,155,126.0,DC,data scientist,na
407,Data Scientist,"Needham, MA",$78K - $135K ,2.8,Steward Health Care Network,0, 78  -  135  ,78,135,106.5,MA,data scientist,na
408,Data Scientist,"New York, NY",$101K - $108K ,3.5,BNY Mellon,0, 101  -  108  ,101,108,104.5,NY,data scientist,na
409,Data Scientist - Pricing Systems,"Richmond, VA",$101K - $125K ,3.7,CarMax,0, 101  -  125  ,101,125,113.0,VA,data scientist,na
410,Data Scientist,"Washington, DC",$73K - $123K ,3.5,Buchanan & Edwards,0, 73  -  123  ,73,123,98.0,DC,data scientist,na
411,Data Scientist,"Newtown, CT",$87K - $94K ,3.1,SS&C Technologies,0, 87  -  94  ,87,94,90.5,CT,data scientist,na
412,Data Scientist,"Philadelphia, PA",$65K - $112K ,2.9,Wills Eye Hospital,0, 65  -  112  ,65,112,88.5,PA,data scientist,na
413,Data Scientist,"Charlottesville, VA",$76K - $131K ,4.3,The Rector & Visitors of the University of Virginia,0, 76  -  131  ,76,131,103.5,VA,data scientist,na
414,Data Scientist,"Houston, TX",$69K - $134K ,3.4,Just Energy,0, 69  -  134  ,69,134,101.5,TX,data scientist,na
415,Data Scientist,"Lorton, VA",$50K - $86K ,4.3,Noblis,0, 50  -  86  ,50,86,68.0,VA,data scientist,na
416,Data Scientist,"Austin, TX",$98K - $122K ,3.6,Oxford Global Resources,0, 98  -  122  ,98,122,110.0,TX,data scientist,na
417,Data Scientist,"McLean, VA",$72K - $140K ,3.8,Mitre Corporation,0, 72  -  140  ,72,140,106.0,VA,data scientist,na
418,RN-Nurse Scientist,"Saint Louis, MO",$53K - $84K ,3.6,SSM Health,0, 53  -  84  ,53,84,68.5,MO,na,na
419,Data Scientist,"Estero, FL",$50K - $90K ,3.0,Hertz,0, 50  -  90  ,50,90,70.0,FL,data scientist,na
420,Data Scientist,"Alexandria, VA",$58K - $79K ,3.9,VTG,0, 58  -  79  ,58,79,68.5,VA,data scientist,na
421,Data Scientist,"Bethesda, MD",$122K - $127K ,4.0,Swain Techs,0, 122  -  127  ,122,127,124.5,MD,data scientist,na
422,Data Scientist,"Austin, TX",$92K - $149K ,4.0,eBay,0, 92  -  149  ,92,149,120.5,TX,data scientist,na
423,Data Scientist,"San Antonio, TX",$79K - $93K ,3.7,U.S. Department of Defense (DOD),0, 79  -  93  ,79,93,86.0,TX,data scientist,na
424,Data Scientist,"Hanover, MD",$64K - $115K ,3.9,Jacobs,0, 64  -  115  ,64,115,89.5,MD,data scientist,na
425,Data Scientist,"Long Island City, NY",$80K - $138K ,2.9,Altice,0, 80  -  138  ,80,138,109.0,NY,data scientist,na
426,Data Scientist,"Annapolis Junction, MD",$66K - $124K ,4.8,BrainTrust Holdings,0, 66  -  124  ,66,124,95.0,MD,data scientist,na
427,"Data Scientist, Global Business Operations (Remote)","San Francisco, CA",$121K - $164K ,4.2,Splunk,0, 121  -  164  ,121,164,142.5,CA,data scientist,na
428,Data Scientist,"Philadelphia, PA",$49K - $85K ,3.4,goPuff,0, 49  -  85  ,49,85,67.0,PA,data scientist,na
429,Data Scientist,"Boston, MA",$90K - $98K ,4.0,Massachusetts General Hospital(MGH),0, 90  -  98  ,90,98,94.0,MA,data scientist,na
430,Data Scientist,Remote,$75K - $120K ,3.8427956989247285,ForMotiv,0, 75  -  120  ,75,120,97.5,Remote,data scientist,na
431,Data Scientist,"San Francisco, CA",$250K - $450K ,4.7,Blue Owl,0, 250  -  450  ,250,450,350.0,CA,data scientist,na
432,Senior Data Scientist,Remote,$110K - $140K ,3.8427956989247285,competitive balance analytics,0, 110  -  140  ,110,140,125.0,Remote,data scientist,sr
433,Data Scientist,Remote,$80K - $125K ,2.8,JM Talent Inc.,0, 80  -  125  ,80,125,102.5,Remote,data scientist,na
434,Data Scientist - Wearables,Remote,$80K - $190K ,3.8427956989247285,Invisalert Solutions,0, 80  -  190  ,80,190,135.0,Remote,data scientist,na
435,Sr Data Scientist,"Salt Lake City, UT",$80K - $140K ,3.8,Zions Bancorporation,0, 80  -  140  ,80,140,110.0,UT,data scientist,sr
436,Data Scientist,"Lehi, UT",$70K - $90K ,4.6,Xyngular,0, 70  -  90  ,70,90,80.0,UT,data scientist,na
437,Data Science Intern,Remote,$17 Per Hour,4.7,Noodle,1, 17  ,34,34,34.0,Remote,na,na
438,Data Scientist,"Morrisville, PA",$68K - $118K ,4.3,MMIT Network,0, 68  -  118  ,68,118,93.0,PA,data scientist,na
439,Data Scientist,"Wilmington, MA",$82K - $143K ,3.8,Analog Devices,0, 82  -  143  ,82,143,112.5,MA,data scientist,na
440,"Research Scientist / Data Scientist, Open Rank, CCM","New York, NY",$98K - $189K ,4.0,Simons Foundation,0, 98  -  189  ,98,189,143.5,NY,data scientist,na
441,Data Scientist,"Boston, MA",$95K - $126K ,3.8427956989247285,Medical Analytics Group,0, 95  -  126  ,95,126,110.5,MA,data scientist,na
442,Data Scientist,"Washington, DC",$74K - $126K ,3.4,XLA,0, 74  -  126  ,74,126,100.0,DC,data scientist,na
443,Marketing Data Analyst – Remote,"Philadelphia, PA",$50K - $62K ,4.7,The Denzel Group,0, 50  -  62  ,50,62,56.0,PA,analyst,na
444,"Data Scientist, Customer Intelligence - Opportunity for Working Remotely Phoenix, AZ","Phoenix, AZ",$97K - $141K ,4.3,VMware,0, 97  -  141  ,97,141,119.0,AZ,data scientist,na
445,Data Scientist,"Annapolis Junction, MD",$74K - $123K ,5.0,ELEVI Associates,0, 74  -  123  ,74,123,98.5,MD,data scientist,na
446,Computer Vision / Machine Learning Engineer,"Tewksbury, MA",$123K - $137K ,3.9,Leidos,0, 123  -  137  ,123,137,130.0,MA,ml,na
447,Graph Data Engineer / Analyst,"Washington, DC",$69K - $118K ,4.1,ASR ANALYTICS LLC,0, 69  -  118  ,69,118,93.5,DC,data engineer,na
448,Data Scientist,"Oak Ridge, TN",$68K - $135K ,3.7,BWX Technologies,0, 68  -  135  ,68,135,101.5,TN,data scientist,na
449,Cloud &amp; Machine Learning Engineer,"Hartford, CT",$82K - $142K ,4.1,"The Travelers Companies, Inc.",0, 82  -  142  ,82,142,112.0,CT,ml,na
450,Data Scientist,"Washington, DC",$72K - $128K ,5.0,"Reports and Requirements Company, LLC",0, 72  -  128  ,72,128,100.0,DC,data scientist,na
451,Data Scientist,"New York, NY",$77K - $157K ,3.9,J.Crew,0, 77  -  157  ,77,157,117.0,NY,data scientist,na
452,Data Scientist,"Plano, TX",$72K - $128K ,4.2,MATRIX Resources,0, 72  -  128  ,72,128,100.0,TX,data scientist,na
453,Business Data Analyst,"Mountain View, CA",$71K - $130K ,4.4,Intuit,0, 71  -  130  ,71,130,100.5,CA,analyst,na
454,Medical Laboratory Scientist 2 – VUMC Diagnostic Molecular DNA Laboratories,"Nashville, TN",$42K - $68K ,3.8,Vanderbilt University Medical Center,0, 42  -  68  ,42,68,55.0,TN,na,na
455,Lead Advanced Healthcare Data Analyst,"Corpus Christi, TX",$39K - $80K ,4.1,Driscoll Children's Hospital,0, 39  -  80  ,39,80,59.5,TX,analyst,sr
456,Tableau Admin / Data Analyst,"Roy, UT",$40K - $82K ,3.9,BAE Systems,0, 40  -  82  ,40,82,61.0,UT,analyst,na
457,Data Scientist,"Chicago, IL",$63K - $106K ,4.1,AVANADE,0, 63  -  106  ,63,106,84.5,IL,data scientist,na
458,Cloud &amp; Machine Learning Engineer,"Hartford, CT",$82K - $142K ,4.1,"The Travelers Companies, Inc.",0, 82  -  142  ,82,142,112.0,CT,ml,na
459,Data Scientist,"Washington, DC",$72K - $128K ,5.0,"Reports and Requirements Company, LLC",0, 72  -  128  ,72,128,100.0,DC,data scientist,na
460,Data Scientist,"New York, NY",$77K - $157K ,3.9,J.Crew,0, 77  -  157  ,77,157,117.0,NY,data scientist,na
461,Data Scientist,"Plano, TX",$72K - $128K ,4.2,MATRIX Resources,0, 72  -  128  ,72,128,100.0,TX,data scientist,na
462,Business Data Analyst,"Mountain View, CA",$71K - $130K ,4.4,Intuit,0, 71  -  130  ,71,130,100.5,CA,analyst,na
463,Medical Laboratory Scientist 2 – VUMC Diagnostic Molecular DNA Laboratories,"Nashville, TN",$42K - $68K ,3.8,Vanderbilt University Medical Center,0, 42  -  68  ,42,68,55.0,TN,na,na
464,Lead Advanced Healthcare Data Analyst,"Corpus Christi, TX",$39K - $80K ,4.1,Driscoll Children's Hospital,0, 39  -  80  ,39,80,59.5,TX,analyst,sr
465,Data Scientist,"Boston, MA",$72K - $126K ,3.8,Thermo Fisher Scientific,0, 72  -  126  ,72,126,99.0,MA,data scientist,na
466,Mgr Data Analytics 2/ Public Health Data Scientist,"Atlanta Central City Post Offi, GA",$78K - $150K ,4.0,Northrop Grumman,0, 78  -  150  ,78,150,114.0,GA,data scientist,na
467,Data Scientist,"Chicago, IL",$63K - $106K ,4.1,AVANADE,0, 63  -  106  ,63,106,84.5,IL,data scientist,na
468,Data Scientist,"Sarasota, FL",$59K - $113K ,4.1,Certified Collectibles Group,0, 59  -  113  ,59,113,86.0,FL,data scientist,na
469,Attending Veterinarian / Principal Scientist,"San Diego, CA",$65K - $156K ,3.4,Absorption Systems,0, 65  -  156  ,65,156,110.5,CA,na,sr
470,"Data Scientist, Customer Intelligence - Opportunity for Working Remotely Dallas, TX","Dallas, TX",$86K - $157K ,4.3,VMware,0, 86  -  157  ,86,157,121.5,TX,data scientist,na
471,Data Scientist,"New York, NY",$93K - $173K ,3.8,"JPMorgan Chase Bank, N.A.",0, 93  -  173  ,93,173,133.0,NY,data scientist,na
472,Data Scientist,"Atlanta, GA",$102K - $116K ,3.8,General Dynamics Information Technology,0, 102  -  116  ,102,116,109.0,GA,data scientist,na
473,"Director, Applied Statistical Data Sciences | Economic Consulting","New York, NY",$106K - $179K ,4.0,"FTI Consulting, Inc.",0, 106  -  179  ,106,179,142.5,NY,director,na
474,Lead Clinical Laboratory Scientist,"Newport Beach, CA",$56K - $100K ,2.1,"HRC Fertility Management, LLC",0, 56  -  100  ,56,100,78.0,CA,na,sr
475,Affordability Analyst/Data Scientist,"Laurel, MD",$100K - $160K ,4.7,Johns Hopkins Applied Physics Laboratory (APL),0, 100  -  160  ,100,160,130.0,MD,data scientist,na
476,Data Scientist,"Fort Worth, TX",$103K - $117K ,4.1,Bell Textron Inc.,0, 103  -  117  ,103,117,110.0,TX,data scientist,na
477,Senior Data Analyst,"Greenwich, CT",$62K - $105K ,3.5,WINFertility,0, 62  -  105  ,62,105,83.5,CT,analyst,sr
478,"Senior, Data Scientist","New York, NY",$95K - $177K ,3.4,Macy’s,0, 95  -  177  ,95,177,136.0,NY,data scientist,sr
479,Data Scientist,"Chicago, IL",$76K - $126K ,4.0,Hitachi Solutions,0, 76  -  126  ,76,126,101.0,IL,data scientist,na
480,Data Scientist,"Annapolis Junction, MD",$73K - $126K ,4.6,Entegra Systems,0, 73  -  126  ,73,126,99.5,MD,data scientist,na
481,Research Fellow - Data Science,"Rochester, MN",$48K - $91K ,4.2,Mayo Clinic,0, 48  -  91  ,48,91,69.5,MN,na,na
482,Data Scientist,"Washington, DC",$70K - $123K ,3.7,QVine Corporation,0, 70  -  123  ,70,123,96.5,DC,data scientist,na
483,Data Scientist,"Plano, TX",$68K - $130K ,3.7,Cognizant Technology Solutions,0, 68  -  130  ,68,130,99.0,TX,data scientist,na
484,Data Scientist,"Germantown, MD",$70K - $128K ,3.6,DataLab USA,0, 70  -  128  ,70,128,99.0,MD,data scientist,na
485,Data Scientist,"San Francisco, CA",$130K - $150K ,4.7,Angaza,0, 130  -  150  ,130,150,140.0,CA,data scientist,na
486,Data Scientist,"Kansas City, MO",$72K - $135K ,4.8,Generation Esports,0, 72  -  135  ,72,135,103.5,MO,data scientist,na
487,Data Scientist,"Dallas, TX",$67K - $119K ,3.8,Havas,0, 67  -  119  ,67,119,93.0,TX,data scientist,na
488,Data Scientist,"Reston, VA",$67K - $125K ,3.6,MetroStar,0, 67  -  125  ,67,125,96.0,VA,data scientist,na
489,Data Scientist,"Redwood City, CA",$101K - $121K ,4.2,Exact Sciences Corporation,0, 101  -  121  ,101,121,111.0,CA,data scientist,na
490,"Business Intelligence Analyst - Richmond, VA","Richmond, VA",$47K - $86K ,3.5,Lansing Building Products,0, 47  -  86  ,47,86,66.5,VA,analyst,na
491,Data Scientist,"Madison, WI",$60K - $110K ,3.8427956989247285,"The Cadmus Group, Inc.",0, 60  -  110  ,60,110,85.0,WI,data scientist,na
492,Data Scientist,"Arlington, VA",$68K - $114K ,3.9,Grant Thornton,0, 68  -  114  ,68,114,91.0,VA,data scientist,na
493,Data Scientist,"Saint Louis, MO",$72K - $116K ,4.3,Nestle Purina PetCare Company,0, 72  -  116  ,72,116,94.0,MO,data scientist,na
494,Data Scientist,"Norfolk, VA",$134K - $164K ,4.2,ManTech International Corporation,0, 134  -  164  ,134,164,149.0,VA,data scientist,na
495,Data Scientist,"Herndon, VA",$80K - $121K ,3.8427956989247285,Cognowiz Solutions,0, 80  -  121  ,80,121,100.5,VA,data scientist,na
496,Staff Data Scientist,"San Diego, CA",$104K - $175K ,4.4,Intuit,0, 104  -  175  ,104,175,139.5,CA,data scientist,na
497,Data Scientist,"Denver, CO",$69K - $118K ,3.6,Wunderman Thompson,0, 69  -  118  ,69,118,93.5,CO,data scientist,na
498,Data Scientist,"Reston, VA",$67K - $125K ,3.6,MetroStar,0, 67  -  125  ,67,125,96.0,VA,data scientist,na
499,Data Scientist,"Dallas, TX",$67K - $119K ,3.8,Havas,0, 67  -  119  ,67,119,93.0,TX,data scientist,na
500,"Business Intelligence Analyst - Richmond, VA","Richmond, VA",$47K - $86K ,3.5,Lansing Building Products,0, 47  -  86  ,47,86,66.5,VA,analyst,na
501,Data Scientist,"Redwood City, CA",$101K - $121K ,4.2,Exact Sciences Corporation,0, 101  -  121  ,101,121,111.0,CA,data scientist,na
502,Data Scientist,"Menlo Park, CA",$89K - $143K ,3.7,Exponent,0, 89  -  143  ,89,143,116.0,CA,data scientist,na
503,Data Scientist,"Saint Louis, MO",$72K - $116K ,4.3,Nestle Purina PetCare Company,0, 72  -  116  ,72,116,94.0,MO,data scientist,na
504,Data Scientist,"Arlington, VA",$68K - $114K ,3.9,Grant Thornton,0, 68  -  114  ,68,114,91.0,VA,data scientist,na
505,Data Scientist,"Norfolk, VA",$134K - $164K ,4.2,ManTech International Corporation,0, 134  -  164  ,134,164,149.0,VA,data scientist,na
506,Data Scientist,"Fairfax, VA",$76K - $142K ,3.6,Trident Systems Inc,0, 76  -  142  ,76,142,109.0,VA,data scientist,na
507,Data Scientist,"Denver, CO",$69K - $118K ,3.6,Wunderman Thompson,0, 69  -  118  ,69,118,93.5,CO,data scientist,na
508,Data Scientist,"Dallas, TX",$122K - $137K ,4.5,Tiger Analytics,0, 122  -  137  ,122,137,129.5,TX,data scientist,na
509,Data Scientist,"Madison, WI",$60K - $110K ,3.8427956989247285,"The Cadmus Group, Inc.",0, 60  -  110  ,60,110,85.0,WI,data scientist,na
510,Data Scientist,"New York, NY",$96K - $174K ,3.4,"comScore, Inc.",0, 96  -  174  ,96,174,135.0,NY,data scientist,na
511,Data Scientist,"Suitland, MD",$75K - $144K ,5.0,"WhirlWind Technologies, LLC",0, 75  -  144  ,75,144,109.5,MD,data scientist,na
512,Data Scientist,"New Haven, CT",$39K - $81K ,3.4,Cogstate,0, 39  -  81  ,39,81,60.0,CT,data scientist,na
513,Data Scientist,"Washington, DC",$86K - $174K ,3.6,"Foxhole Technology, Inc.",0, 86  -  174  ,86,174,130.0,DC,data scientist,na
514,Data Scientist,"Kearny, NJ",$74K - $130K ,4.0,Oishii,0, 74  -  130  ,74,130,102.0,NJ,data scientist,na
515,Data Scientist,"Herndon, VA",$80K - $121K ,3.8427956989247285,Cognowiz Solutions,0, 80  -  121  ,80,121,100.5,VA,data scientist,na
516,Data Science Intern,Remote,$17 Per Hour,4.7,Noodle,1, 17  ,34,34,34.0,Remote,na,na
517,Data Scientist,Remote,$75K - $120K ,3.8427956989247285,ForMotiv,0, 75  -  120  ,75,120,97.5,Remote,data scientist,na
518,Data Scientist,"San Francisco, CA",$250K - $450K ,4.7,Blue Owl,0, 250  -  450  ,250,450,350.0,CA,data scientist,na
519,Sr. Data Scientist,Remote,$150K - $165K ,4.0,Innovar Group,0, 150  -  165  ,150,165,157.5,Remote,data scientist,sr
520,Data Scientist,Remote,$63 - $82 Per Hour,4.4,ids,1, 63 -  82  ,126,164,145.0,Remote,data scientist,na
521,Data Scientist,"Charlottesville, VA",$76K - $131K ,4.3,The Rector & Visitors of the University of Virginia,0, 76  -  131  ,76,131,103.5,VA,data scientist,na
522,Data Scientist,"Lorton, VA",$50K - $86K ,4.3,Noblis,0, 50  -  86  ,50,86,68.0,VA,data scientist,na
523,Data Scientist,"Houston, TX",$69K - $134K ,3.4,Just Energy,0, 69  -  134  ,69,134,101.5,TX,data scientist,na
524,Data Scientist,"Austin, TX",$98K - $122K ,3.6,Oxford Global Resources,0, 98  -  122  ,98,122,110.0,TX,data scientist,na
525,Data Scientist,"McLean, VA",$72K - $140K ,3.8,Mitre Corporation,0, 72  -  140  ,72,140,106.0,VA,data scientist,na
526,Data Scientist,"Tampa, FL",$53K - $91K ,4.0,VMD Corp,0, 53  -  91  ,53,91,72.0,FL,data scientist,na
527,Data Scientist,"Los Angeles, CA",$79K - $147K ,3.0,Gannett,0, 79  -  147  ,79,147,113.0,CA,data scientist,na
528,RN-Nurse Scientist,"Saint Louis, MO",$53K - $84K ,3.6,SSM Health,0, 53  -  84  ,53,84,68.5,MO,na,na
529,Data Scientist,"Chantilly, VA",$89K - $126K ,3.9,NT Concepts,0, 89  -  126  ,89,126,107.5,VA,data scientist,na
530,Data Scientist,"Alexandria, VA",$58K - $79K ,3.9,VTG,0, 58  -  79  ,58,79,68.5,VA,data scientist,na
531,Data Scientist,"Columbia, MD",$78K - $142K ,4.2,Booz Allen Hamilton,0, 78  -  142  ,78,142,110.0,MD,data scientist,na
532,Data Scientist,"Annapolis Junction, MD",$66K - $124K ,4.8,BrainTrust Holdings,0, 66  -  124  ,66,124,95.0,MD,data scientist,na
533,Data Scientist,"Austin, TX",$92K - $149K ,4.0,eBay,0, 92  -  149  ,92,149,120.5,TX,data scientist,na
534,Data Scientist,"Estero, FL",$50K - $90K ,3.0,Hertz,0, 50  -  90  ,50,90,70.0,FL,data scientist,na
535,Data Scientist,"Bethesda, MD",$122K - $127K ,4.0,Swain Techs,0, 122  -  127  ,122,127,124.5,MD,data scientist,na
536,Data Scientist,"Boston, MA",$56K - $99K ,4.0,Massachusetts General Hospital(MGH),0, 56  -  99  ,56,99,77.5,MA,data scientist,na
537,Data Scientist,"Hanover, MD",$64K - $115K ,3.9,Jacobs,0, 64  -  115  ,64,115,89.5,MD,data scientist,na
538,Data Scientist,"Long Island City, NY",$80K - $138K ,2.9,Altice,0, 80  -  138  ,80,138,109.0,NY,data scientist,na
539,"Data Scientist, Global Business Operations (Remote)","San Francisco, CA",$121K - $164K ,4.2,Splunk,0, 121  -  164  ,121,164,142.5,CA,data scientist,na
540,Data Scientist,"Philadelphia, PA",$49K - $85K ,3.4,goPuff,0, 49  -  85  ,49,85,67.0,PA,data scientist,na
541,Data Scientist,"Washington, DC",$62K - $105K ,3.6,ICF,0, 62  -  105  ,62,105,83.5,DC,data scientist,na
542,Data Scientist,"Dallas, TX",$67K - $119K ,3.8,Havas,0, 67  -  119  ,67,119,93.0,TX,data scientist,na
543,Data Scientist,"Chicago, IL",$69K - $125K ,3.5,McDonald's Corporate,0, 69  -  125  ,69,125,97.0,IL,data scientist,na
